{"cameraMode":{"drawMode":0,"name":"Shaded","section":"Shading Mode"},"sceneLighting":true,"audioPlay":false,"sceneViewState":{"m_AlwaysRefresh":false,"showFog":true,"showSkybox":true,"showFlares":true,"showImageEffects":true,"showParticleSystems":true,"showVisualEffectGraphs":true,"m_FxEnabled":true},"in2DMode":false,"pivot":{"x":1.9418530464172364,"y":2.542407512664795,"z":-7.212522983551025},"rotation":{"x":0.0016713023651391268,"y":0.9962462186813355,"z":-0.08419284224510193,"w":0.01972901076078415},"size":13.702901840209961,"orthographic":false}