{"cameraMode":{"drawMode":0,"name":"Shaded","section":"Shading Mode"},"sceneLighting":true,"audioPlay":false,"sceneViewState":{"m_AlwaysRefresh":false,"showFog":true,"showSkybox":true,"showFlares":true,"showImageEffects":true,"showParticleSystems":true,"showVisualEffectGraphs":true,"m_FxEnabled":true},"in2DMode":false,"pivot":{"x":12.774466514587403,"y":-11.207663536071778,"z":14.788679122924805},"rotation":{"x":0.275583416223526,"y":0.3472066819667816,"z":-0.10751423239707947,"w":0.8899012207984924},"size":17.415910720825197,"orthographic":false}